[{"model": "contenttypes.contenttype", "pk": 1, "fields": {"app_label": "admin", "model": "logentry"}}, {"model": "contenttypes.contenttype", "pk": 2, "fields": {"app_label": "auth", "model": "permission"}}, {"model": "contenttypes.contenttype", "pk": 3, "fields": {"app_label": "auth", "model": "group"}}, {"model": "contenttypes.contenttype", "pk": 4, "fields": {"app_label": "contenttypes", "model": "contenttype"}}, {"model": "contenttypes.contenttype", "pk": 5, "fields": {"app_label": "sessions", "model": "session"}}, {"model": "contenttypes.contenttype", "pk": 6, "fields": {"app_label": "api", "model": "user"}}, {"model": "contenttypes.contenttype", "pk": 7, "fields": {"app_label": "api", "model": "category"}}, {"model": "contenttypes.contenttype", "pk": 8, "fields": {"app_label": "api", "model": "genre"}}, {"model": "contenttypes.contenttype", "pk": 9, "fields": {"app_label": "api", "model": "title"}}, {"model": "contenttypes.contenttype", "pk": 10, "fields": {"app_label": "api", "model": "review"}}, {"model": "contenttypes.contenttype", "pk": 11, "fields": {"app_label": "api", "model": "comment"}}, {"model": "sessions.session", "pk": "2z9v4k3bj4hhhnbgeu6pb5byvk9awnbz", "fields": {"session_data": "NDNiNmFjZmIxMzJjOTVjNmEwNzg1ZGZjNWEwMzdjZTdkNzRmYWY4OTp7Il9hdXRoX3VzZXJfaWQiOiIxIiwiX2F1dGhfdXNlcl9iYWNrZW5kIjoiZGphbmdvLmNvbnRyaWIuYXV0aC5iYWNrZW5kcy5Nb2RlbEJhY2tlbmQiLCJfYXV0aF91c2VyX2hhc2giOiI5MzU1NTBkNGQ5MDQ1YTlmZWYzMzEyMzkxNTI4ZWU5MDNmMmY0N2E5In0=", "expire_date": "2021-01-16T05:04:11.306Z"}}, {"model": "sessions.session", "pk": "f5x7493qtw7h74uq8pxdo2236nmpd6b5", "fields": {"session_data": "ZGY0MWYxMjJjNjUwNjQyMzBkZmY1NjQyYjZhNzc3MDhhYjg1ZGFlYjp7Il9hdXRoX3VzZXJfaWQiOiIxIiwiX2F1dGhfdXNlcl9iYWNrZW5kIjoiZGphbmdvLmNvbnRyaWIuYXV0aC5iYWNrZW5kcy5Nb2RlbEJhY2tlbmQiLCJfYXV0aF91c2VyX2hhc2giOiIwODUyYjNkYzEzZGU2MDA1YmNhYzEwYzVkNDgyNTk2YTRkMTNiZDA0In0=", "expire_date": "2021-03-30T09:04:02.218Z"}}, {"model": "sessions.session", "pk": "k0b5504ihmmi6ywyi1qawtzapr0i7q18", "fields": {"session_data": "NDNiNmFjZmIxMzJjOTVjNmEwNzg1ZGZjNWEwMzdjZTdkNzRmYWY4OTp7Il9hdXRoX3VzZXJfaWQiOiIxIiwiX2F1dGhfdXNlcl9iYWNrZW5kIjoiZGphbmdvLmNvbnRyaWIuYXV0aC5iYWNrZW5kcy5Nb2RlbEJhY2tlbmQiLCJfYXV0aF91c2VyX2hhc2giOiI5MzU1NTBkNGQ5MDQ1YTlmZWYzMzEyMzkxNTI4ZWU5MDNmMmY0N2E5In0=", "expire_date": "2021-01-23T12:29:03.773Z"}}, {"model": "sessions.session", "pk": "obijlx9ojbqtskk10j114lmn1q33enge", "fields": {"session_data": "ZGY0MWYxMjJjNjUwNjQyMzBkZmY1NjQyYjZhNzc3MDhhYjg1ZGFlYjp7Il9hdXRoX3VzZXJfaWQiOiIxIiwiX2F1dGhfdXNlcl9iYWNrZW5kIjoiZGphbmdvLmNvbnRyaWIuYXV0aC5iYWNrZW5kcy5Nb2RlbEJhY2tlbmQiLCJfYXV0aF91c2VyX2hhc2giOiIwODUyYjNkYzEzZGU2MDA1YmNhYzEwYzVkNDgyNTk2YTRkMTNiZDA0In0=", "expire_date": "2021-03-30T05:21:41.007Z"}}, {"model": "sessions.session", "pk": "wlfxnhpjptq4iw0j9te05c07gqrvlhu3", "fields": {"session_data": "ZGY0MWYxMjJjNjUwNjQyMzBkZmY1NjQyYjZhNzc3MDhhYjg1ZGFlYjp7Il9hdXRoX3VzZXJfaWQiOiIxIiwiX2F1dGhfdXNlcl9iYWNrZW5kIjoiZGphbmdvLmNvbnRyaWIuYXV0aC5iYWNrZW5kcy5Nb2RlbEJhY2tlbmQiLCJfYXV0aF91c2VyX2hhc2giOiIwODUyYjNkYzEzZGU2MDA1YmNhYzEwYzVkNDgyNTk2YTRkMTNiZDA0In0=", "expire_date": "2021-03-31T09:39:49.995Z"}}, {"model": "sessions.session", "pk": "wtbli5kxy8jeglrhts5y0wwceaffokzf", "fields": {"session_data": "NDNiNmFjZmIxMzJjOTVjNmEwNzg1ZGZjNWEwMzdjZTdkNzRmYWY4OTp7Il9hdXRoX3VzZXJfaWQiOiIxIiwiX2F1dGhfdXNlcl9iYWNrZW5kIjoiZGphbmdvLmNvbnRyaWIuYXV0aC5iYWNrZW5kcy5Nb2RlbEJhY2tlbmQiLCJfYXV0aF91c2VyX2hhc2giOiI5MzU1NTBkNGQ5MDQ1YTlmZWYzMzEyMzkxNTI4ZWU5MDNmMmY0N2E5In0=", "expire_date": "2021-01-05T11:58:41.507Z"}}, {"model": "api.category", "pk": 1, "fields": {"name": "\u0424\u0438\u043b\u044c\u043c", "slug": "movie"}}, {"model": "api.category", "pk": 2, "fields": {"name": "\u041a\u043d\u0438\u0433\u0430", "slug": "book"}}, {"model": "api.category", "pk": 3, "fields": {"name": "\u041c\u0443\u0437\u044b\u043a\u0430", "slug": "music"}}, {"model": "api.genre", "pk": 1, "fields": {"name": "\u0414\u0440\u0430\u043c\u0430", "slug": "drama"}}, {"model": "api.genre", "pk": 2, "fields": {"name": "\u041a\u043e\u043c\u0435\u0434\u0438\u044f", "slug": "comedy"}}, {"model": "api.genre", "pk": 3, "fields": {"name": "\u0412\u0435\u0441\u0442\u0435\u0440\u043d", "slug": "western"}}, {"model": "api.genre", "pk": 4, "fields": {"name": "\u0424\u044d\u043d\u0442\u0435\u0437\u0438", "slug": "fantasy"}}, {"model": "api.genre", "pk": 5, "fields": {"name": "\u0424\u0430\u043d\u0442\u0430\u0441\u0442\u0438\u043a\u0430", "slug": "sci-fi"}}, {"model": "api.genre", "pk": 6, "fields": {"name": "\u0414\u0435\u0442\u0435\u043a\u0442\u0438\u0432", "slug": "detective"}}, {"model": "api.genre", "pk": 7, "fields": {"name": "\u0422\u0440\u0438\u043b\u043b\u0435\u0440", "slug": "thriller"}}, {"model": "api.genre", "pk": 8, "fields": {"name": "\u0421\u043a\u0430\u0437\u043a\u0430", "slug": "tale"}}, {"model": "api.genre", "pk": 9, "fields": {"name": "\u0413\u043e\u043d\u0437\u043e", "slug": "gonzo"}}, {"model": "api.genre", "pk": 10, "fields": {"name": "\u0420\u043e\u043c\u0430\u043d", "slug": "roman"}}, {"model": "api.genre", "pk": 11, "fields": {"name": "\u0411\u0430\u043b\u043b\u0430\u0434\u0430", "slug": "ballad"}}, {"model": "api.genre", "pk": 12, "fields": {"name": "Rock-n-roll", "slug": "rock-n-roll"}}, {"model": "api.genre", "pk": 13, "fields": {"name": "\u041a\u043b\u0430\u0441\u0441\u0438\u043a\u0430", "slug": "classical"}}, {"model": "api.genre", "pk": 14, "fields": {"name": "\u0420\u043e\u043a", "slug": "rock"}}, {"model": "api.genre", "pk": 15, "fields": {"name": "\u0428\u0430\u043d\u0441\u043e\u043d", "slug": "chanson"}}, {"model": "api.title", "pk": 1, "fields": {"name": "\u041f\u043e\u0431\u0435\u0433 \u0438\u0437 \u0428\u043e\u0443\u0448\u0435\u043d\u043a\u0430", "year": 1994, "description": "", "category": 1, "genre": [1, 4, 9, 10]}}, {"model": "api.title", "pk": 2, "fields": {"name": "\u041a\u0440\u0435\u0441\u0442\u043d\u044b\u0439 \u043e\u0442\u0435\u0446", "year": 1972, "description": "", "category": 3, "genre": [10, 5, 7]}}, {"model": "api.title", "pk": 3, "fields": {"name": "12 \u0440\u0430\u0437\u0433\u043d\u0435\u0432\u0430\u043d\u043d\u044b\u0445 \u043c\u0443\u0436\u0447\u0438\u043d", "year": 1957, "description": null, "category": 1, "genre": []}}, {"model": "api.title", "pk": 4, "fields": {"name": "\u0421\u043f\u0438\u0441\u043e\u043a \u0428\u0438\u043d\u0434\u043b\u0435\u0440\u0430", "year": 1993, "description": null, "category": 1, "genre": []}}, {"model": "api.title", "pk": 5, "fields": {"name": "\u041a\u0440\u0438\u043c\u0438\u043d\u0430\u043b\u044c\u043d\u043e\u0435 \u0447\u0442\u0438\u0432\u043e", "year": 1994, "description": null, "category": 1, "genre": []}}, {"model": "api.title", "pk": 6, "fields": {"name": "\u0425\u043e\u0440\u043e\u0448\u0438\u0439, \u043f\u043b\u043e\u0445\u043e\u0439, \u0437\u043b\u043e\u0439", "year": 1966, "description": null, "category": 1, "genre": []}}, {"model": "api.title", "pk": 7, "fields": {"name": "\u0412\u043b\u0430\u0441\u0442\u0435\u043b\u0438\u043d \u043a\u043e\u043b\u0435\u0446: \u0411\u0440\u0430\u0442\u0441\u0442\u0432\u043e \u043a\u043e\u043b\u044c\u0446\u0430", "year": 2001, "description": null, "category": 1, "genre": []}}, {"model": "api.title", "pk": 8, "fields": {"name": "\u0411\u043e\u0439\u0446\u043e\u0432\u0441\u043a\u0438\u0439 \u043a\u043b\u0443\u0431", "year": 1999, "description": null, "category": 1, "genre": []}}, {"model": "api.title", "pk": 9, "fields": {"name": "\u0424\u043e\u0440\u0440\u0435\u0441\u0442 \u0413\u0430\u043c\u043f", "year": 1994, "description": null, "category": 1, "genre": []}}, {"model": "api.title", "pk": 10, "fields": {"name": "\u0417\u0432\u0451\u0437\u0434\u043d\u044b\u0435 \u0432\u043e\u0439\u043d\u044b. \u042d\u043f\u0438\u0437\u043e\u0434 5: \u0418", "year": 1980, "description": "", "category": 1, "genre": [15, 2]}}, {"model": "api.title", "pk": 11, "fields": {"name": "\u0412\u043b\u0430\u0441\u0442\u0435\u043b\u0438\u043d \u043a\u043e\u043b\u0435\u0446: \u0414\u0432\u0435 \u043a\u0440\u0435\u043f\u043e\u0441\u0442\u0438", "year": 2002, "description": null, "category": 1, "genre": []}}, {"model": "api.title", "pk": 12, "fields": {"name": "\u041c\u0430\u0442\u0440\u0438\u0446\u0430", "year": 1999, "description": null, "category": 1, "genre": []}}, {"model": "api.title", "pk": 13, "fields": {"name": "\u041f\u0440\u043e\u043b\u0435\u0442\u0430\u044f \u043d\u0430\u0434 \u0433\u043d\u0435\u0437\u0434\u043e\u043c \u043a\u0443\u043a\u0443\u0448\u043a\u0438", "year": 1975, "description": null, "category": 1, "genre": []}}, {"model": "api.title", "pk": 14, "fields": {"name": "\u041d\u0430\u0437\u0430\u0434 \u0432 \u0431\u0443\u0434\u0443\u0449\u0435\u0435", "year": 1985, "description": null, "category": 1, "genre": []}}, {"model": "api.title", "pk": 15, "fields": {"name": "\u041e\u043f\u0435\u0440\u0430\u0446\u0438\u044f \u00ab\u042b\u00bb \u0438 \u0434\u0440\u0443\u0433\u0438\u0435 \u043f\u0440\u0438\u043a\u043b\u044e\u0447\u0435\u043d\u0438\u044f \u0428\u0443\u0440\u0438\u043a\u0430", "year": 1965, "description": "", "category": 1, "genre": [13, 6]}}, {"model": "api.title", "pk": 16, "fields": {"name": "\u041a\u0430\u0440\u0442\u044b, \u0434\u0435\u043d\u044c\u0433\u0438, \u0434\u0432\u0430 \u0441\u0442\u0432\u043e\u043b\u0430", "year": 1998, "description": null, "category": 1, "genre": []}}, {"model": "api.title", "pk": 17, "fields": {"name": "\u0414\u0436\u0435\u043d\u0442\u043b\u044c\u043c\u0435\u043d\u044b \u0443\u0434\u0430\u0447\u0438 ", "year": 1971, "description": null, "category": 1, "genre": []}}, {"model": "api.title", "pk": 18, "fields": {"name": "\u0414\u0436\u0430\u043d\u0433\u043e \u043e\u0441\u0432\u043e\u0431\u043e\u0436\u0434\u0435\u043d\u043d\u044b\u0439", "year": 2012, "description": null, "category": 1, "genre": []}}, {"model": "api.title", "pk": 19, "fields": {"name": "Generation \u041f", "year": 2011, "description": null, "category": 1, "genre": []}}, {"model": "api.title", "pk": 20, "fields": {"name": "\u041a\u043e\u043b\u043e\u0431\u043e\u043a", "year": 1873, "description": null, "category": 2, "genre": []}}, {"model": "api.title", "pk": 21, "fields": {"name": "\u0421\u0442\u0440\u0430\u0445 \u0438 \u043d\u0435\u043d\u0430\u0432\u0438\u0441\u0442\u044c \u0432 \u041b\u0430\u0441-\u0412\u0435\u0433\u0430\u0441\u0435", "year": 1971, "description": null, "category": 2, "genre": []}}, {"model": "api.title", "pk": 22, "fields": {"name": "\u0412\u043e\u0439\u043d\u0430 \u0438 \u043c\u0438\u0440", "year": 1865, "description": null, "category": 2, "genre": []}}, {"model": "api.title", "pk": 23, "fields": {"name": "\u0423\u043b\u0438\u0441\u0441", "year": 1918, "description": null, "category": 2, "genre": []}}, {"model": "api.title", "pk": 24, "fields": {"name": "Generation \u041f", "year": 1999, "description": null, "category": 2, "genre": []}}, {"model": "api.title", "pk": 25, "fields": {"name": "\u0412\u0438\u043d\u043d\u0438 \u041f\u0443\u0445 \u0438 \u0432\u0441\u0435-\u0432\u0441\u0435-\u0432\u0441\u0435", "year": 1926, "description": null, "category": 2, "genre": []}}, {"model": "api.title", "pk": 26, "fields": {"name": "\u0421\u0442\u0430\u0441 \u041c\u0438\u0445\u0430\u0439\u043b\u043e\u0432 - \u041f\u043e\u0437\u044b\u0432\u043d\u044b\u0435 \u043d\u0430 \u043b\u044e\u0431\u043e\u0432\u044c", "year": 2004, "description": null, "category": 3, "genre": []}}, {"model": "api.title", "pk": 27, "fields": {"name": "Led Zeppelin \u2014 Stairway to Heaven", "year": 1971, "description": null, "category": 3, "genre": []}}, {"model": "api.title", "pk": 28, "fields": {"name": "Jethro Tull - Aqualung", "year": 1971, "description": null, "category": 3, "genre": []}}, {"model": "api.title", "pk": 29, "fields": {"name": "Elvis Presley - Blue Suede Shoes", "year": 1955, "description": null, "category": 3, "genre": []}}, {"model": "api.title", "pk": 30, "fields": {"name": "Deep Purple \u2014 Smoke on the Water", "year": 1971, "description": null, "category": 3, "genre": []}}, {"model": "api.title", "pk": 31, "fields": {"name": "\u041c\u043e\u0446\u0430\u0440\u0442 - \u0422\u0443\u0440\u0435\u0446\u043a\u0438\u0439 \u043c\u0430\u0440\u0448", "year": 1784, "description": null, "category": 3, "genre": []}}, {"model": "api.title", "pk": 32, "fields": {"name": "\u0411\u0430\u0445. \u041e\u0440\u043a\u0435\u0441\u0442\u0440\u043e\u0432\u0430\u044f \u0421\u044e\u0438\u0442\u0430 \u21162 \u0441\u0438 \u043c\u0438\u043d\u043e\u0440", "year": 1739, "description": "", "category": 3, "genre": [15, 6, 4]}}, {"model": "api.title", "pk": 33, "fields": {"name": "\u041c\u0430\u0442\u0440\u0438\u0446\u0430", "year": 1983, "description": "\u0439\u0446\u0443\u043a\u0435\u043d", "category": 1, "genre": [1]}}, {"model": "api.title", "pk": 34, "fields": {"name": "\u041a\u0430\u0440\u0442\u0438\u043d\u0430", "year": 1999, "description": null, "category": 3, "genre": []}}, {"model": "api.title", "pk": 35, "fields": {"name": "\u041a\u0430\u0440\u0442\u0438\u043d\u0430", "year": 1999, "description": null, "category": 3, "genre": []}}, {"model": "api.title", "pk": 36, "fields": {"name": "\u041a\u0430\u0440\u0442\u0438\u043d\u0430", "year": 1999, "description": null, "category": 3, "genre": [14]}}, {"model": "api.title", "pk": 37, "fields": {"name": "\u041a\u0430\u0440\u0442\u0438\u043d\u0430", "year": 1999, "description": null, "category": 3, "genre": []}}, {"model": "api.title", "pk": 38, "fields": {"name": "\u041a\u0430\u0440\u0442\u0438\u043d\u0430", "year": 1999, "description": null, "category": 3, "genre": []}}, {"model": "api.title", "pk": 39, "fields": {"name": "\u041a\u0430\u0440\u0442\u0438\u043d\u0430", "year": 1999, "description": null, "category": 3, "genre": []}}, {"model": "api.title", "pk": 40, "fields": {"name": "\u041a\u0430\u0440\u0442\u0438\u043d\u0430", "year": 1999, "description": null, "category": 3, "genre": []}}, {"model": "api.title", "pk": 41, "fields": {"name": "\u041a\u0430\u0440\u0442\u0438\u043d\u0430", "year": 1999, "description": null, "category": 3, "genre": []}}, {"model": "api.title", "pk": 42, "fields": {"name": "\u041a\u0430\u0440\u0442\u0438\u043d\u0430", "year": 1999, "description": null, "category": 3, "genre": []}}, {"model": "api.title", "pk": 43, "fields": {"name": "\u041a\u0430\u0440\u0442\u0438\u043d\u0430", "year": 1999, "description": null, "category": 3, "genre": []}}, {"model": "api.title", "pk": 44, "fields": {"name": "\u041a\u0430\u0440\u0442\u0438\u043d\u0430", "year": 1999, "description": null, "category": 3, "genre": []}}, {"model": "api.title", "pk": 45, "fields": {"name": "\u041a\u0430\u0440\u0442\u0438\u043d\u0430", "year": 1999, "description": null, "category": 3, "genre": []}}, {"model": "api.title", "pk": 46, "fields": {"name": "\u041a\u0430\u0440\u0442\u0438\u043d\u0430", "year": 1999, "description": null, "category": 3, "genre": []}}, {"model": "api.title", "pk": 47, "fields": {"name": "\u041a\u0430\u0440\u0442\u0438\u043d\u0430", "year": 1999, "description": null, "category": 3, "genre": []}}, {"model": "api.title", "pk": 48, "fields": {"name": "\u041a\u0430\u0440\u0442\u0438\u043d\u0430", "year": 1999, "description": null, "category": 3, "genre": []}}, {"model": "api.title", "pk": 49, "fields": {"name": "\u041a\u0430\u0440\u0442\u0438\u043d\u0430", "year": 1999, "description": null, "category": 3, "genre": []}}, {"model": "api.title", "pk": 50, "fields": {"name": "\u041a\u0430\u0440\u0442\u0438\u043d\u0430", "year": 1999, "description": null, "category": 3, "genre": []}}, {"model": "api.title", "pk": 51, "fields": {"name": "\u041a\u0430\u0440\u0442\u0438\u043d\u0430", "year": 1999, "description": null, "category": 3, "genre": []}}, {"model": "api.title", "pk": 52, "fields": {"name": "\u041a\u0430\u0440\u0442\u0438\u043d\u0430", "year": 1999, "description": null, "category": 3, "genre": []}}, {"model": "api.title", "pk": 53, "fields": {"name": "\u041a\u0430\u0440\u0442\u0438\u043d\u0430", "year": 1999, "description": null, "category": 3, "genre": []}}, {"model": "api.title", "pk": 54, "fields": {"name": "\u041a\u0430\u0440\u0442\u0438\u043d\u0430", "year": 1999, "description": null, "category": 3, "genre": []}}, {"model": "api.title", "pk": 55, "fields": {"name": "\u041a\u0430\u0440\u0442\u0438\u043d\u0430", "year": 1999, "description": null, "category": 3, "genre": []}}, {"model": "api.title", "pk": 56, "fields": {"name": "\u041a\u0430\u0440\u0442\u0438\u043d\u0430", "year": 1999, "description": null, "category": 3, "genre": []}}, {"model": "api.title", "pk": 57, "fields": {"name": "\u041a\u0430\u0440\u0442\u0438\u043d\u0430", "year": 1999, "description": null, "category": 3, "genre": []}}, {"model": "api.title", "pk": 58, "fields": {"name": "\u041a\u0430\u0440\u0442\u0438\u043d\u0430", "year": 1999, "description": null, "category": 3, "genre": []}}, {"model": "api.title", "pk": 59, "fields": {"name": "\u041a\u0430\u0440\u0442\u0438\u043d\u0430", "year": 1999, "description": null, "category": 3, "genre": []}}, {"model": "api.title", "pk": 60, "fields": {"name": "\u041a\u0430\u0440\u0442\u0438\u043d\u0430", "year": 1999, "description": null, "category": 3, "genre": [14]}}, {"model": "api.title", "pk": 61, "fields": {"name": "\u041a\u0430\u0440\u0442\u0438\u043d\u0430", "year": 1999, "description": null, "category": 3, "genre": [14]}}, {"model": "api.title", "pk": 62, "fields": {"name": "\u041a\u0430\u0440\u0442\u0438\u043d\u0430", "year": 1999, "description": null, "category": 3, "genre": [14]}}, {"model": "api.title", "pk": 63, "fields": {"name": "\u041a\u0430\u0440\u0442\u0438\u043d\u0430", "year": 1999, "description": null, "category": 3, "genre": [14]}}, {"model": "api.title", "pk": 64, "fields": {"name": "\u041a\u0430\u0440\u0442\u0438\u043d\u0430", "year": 1999, "description": null, "category": 3, "genre": [14]}}, {"model": "api.title", "pk": 65, "fields": {"name": "\u041a\u0430\u0440\u0442\u0438\u043d\u0430", "year": 1999, "description": null, "category": 3, "genre": [14]}}, {"model": "api.title", "pk": 66, "fields": {"name": "\u041a\u0430\u0440\u0442\u0438\u043d\u0430", "year": 1999, "description": null, "category": 3, "genre": [14]}}, {"model": "api.title", "pk": 67, "fields": {"name": "\u041a\u0430\u0440\u0442\u0438\u043d\u0430", "year": 1999, "description": null, "category": 3, "genre": [14]}}, {"model": "api.title", "pk": 68, "fields": {"name": "\u041a\u0430\u0440\u0442\u0438\u043d\u0430", "year": 1999, "description": null, "category": 3, "genre": [14]}}, {"model": "api.title", "pk": 69, "fields": {"name": "\u041a\u0430\u0440\u0442\u0438\u043d\u0430", "year": 1999, "description": null, "category": 3, "genre": [14]}}, {"model": "api.title", "pk": 70, "fields": {"name": "\u041a\u0430\u0440\u0442\u0438\u043d\u0430", "year": 1999, "description": null, "category": 3, "genre": [14]}}, {"model": "api.title", "pk": 71, "fields": {"name": "\u041a\u0430\u0440\u0442\u0438\u043d\u0430", "year": 1999, "description": null, "category": 3, "genre": [14]}}, {"model": "api.title", "pk": 72, "fields": {"name": "\u041a\u0430\u0440\u0442\u0438\u043d\u0430", "year": 1999, "description": null, "category": 3, "genre": [14]}}, {"model": "api.title", "pk": 73, "fields": {"name": "\u041a\u0430\u0440\u0442\u0438\u043d\u0430", "year": 1999, "description": null, "category": 3, "genre": [14]}}, {"model": "api.title", "pk": 74, "fields": {"name": "\u041a\u0430\u0440\u0442\u0438\u043d\u0430", "year": 1999, "description": null, "category": 3, "genre": [14]}}, {"model": "api.title", "pk": 75, "fields": {"name": "\u041a\u0430\u0440\u0442\u0438\u043d\u0430", "year": 1999, "description": null, "category": 3, "genre": [14]}}, {"model": "api.title", "pk": 76, "fields": {"name": "\u041a\u0430\u0440\u0442\u0438\u043d\u0430", "year": 1999, "description": null, "category": 3, "genre": [14]}}, {"model": "api.title", "pk": 77, "fields": {"name": "\u041a\u0430\u0440\u0442\u0438\u043d\u0430", "year": 1999, "description": null, "category": 3, "genre": [14]}}, {"model": "api.title", "pk": 78, "fields": {"name": "\u041a\u0430\u0440\u0442\u0438\u043d\u0430", "year": 1999, "description": null, "category": 3, "genre": [14]}}, {"model": "api.title", "pk": 79, "fields": {"name": "\u041a\u0430\u0440\u0442\u0438\u043d\u0430", "year": 1999, "description": null, "category": 3, "genre": [14]}}, {"model": "api.title", "pk": 80, "fields": {"name": "\u041a\u0430\u0440\u0442\u0438\u043d\u0430", "year": 1999, "description": null, "category": 3, "genre": [14]}}, {"model": "api.title", "pk": 81, "fields": {"name": "\u041a\u0430\u0440\u0442\u0438\u043d\u0430", "year": 1999, "description": null, "category": 3, "genre": [14]}}, {"model": "api.title", "pk": 82, "fields": {"name": "\u041a\u0430\u0440\u0442\u0438\u043d\u0430", "year": 1999, "description": null, "category": 3, "genre": [14]}}, {"model": "api.title", "pk": 83, "fields": {"name": "\u041a\u0430\u0440\u0442\u0438\u043d\u0430", "year": 1999, "description": null, "category": 3, "genre": [14]}}, {"model": "api.title", "pk": 84, "fields": {"name": "\u041a\u0430\u0440\u0442\u0438\u043d\u0430", "year": 1999, "description": null, "category": 3, "genre": [14]}}, {"model": "api.title", "pk": 85, "fields": {"name": "\u041a\u0430\u0440\u0442\u0438\u043d\u0430", "year": 1999, "description": null, "category": 3, "genre": [14]}}, {"model": "api.title", "pk": 86, "fields": {"name": "\u041a\u0430\u0440\u0442\u0438\u043d\u0430", "year": 1999, "description": null, "category": 3, "genre": [14]}}, {"model": "api.title", "pk": 87, "fields": {"name": "\u041a\u0430\u0440\u0442\u0438\u043d\u0430", "year": 1999, "description": null, "category": 3, "genre": [11, 14]}}, {"model": "api.title", "pk": 88, "fields": {"name": "\u041a\u0430\u0440\u0442\u0438\u043d\u0430", "year": 1999, "description": null, "category": 3, "genre": [11, 14]}}, {"model": "api.title", "pk": 89, "fields": {"name": "\u041a\u0430\u0440\u0442\u0438\u043d\u0430", "year": 1999, "description": null, "category": 3, "genre": [11, 14]}}, {"model": "api.title", "pk": 90, "fields": {"name": "\u041a\u0430\u0440\u0442\u0438\u043d\u0430", "year": 1999, "description": null, "category": 3, "genre": [11, 14]}}, {"model": "api.title", "pk": 91, "fields": {"name": "\u041a\u0430\u0440\u0442\u0438\u043d\u0430", "year": 1999, "description": null, "category": 3, "genre": [11, 14]}}, {"model": "api.title", "pk": 92, "fields": {"name": "\u041a\u0430\u0440\u0442\u0438\u043d\u0430", "year": 1999, "description": null, "category": 3, "genre": [11, 14]}}, {"model": "api.title", "pk": 93, "fields": {"name": "\u041a\u0430\u0440\u0442\u0438\u043d\u0430", "year": 1999, "description": null, "category": 3, "genre": [11, 14]}}, {"model": "auth.permission", "pk": 1, "fields": {"name": "Can add log entry", "content_type": 1, "codename": "add_logentry"}}, {"model": "auth.permission", "pk": 2, "fields": {"name": "Can change log entry", "content_type": 1, "codename": "change_logentry"}}, {"model": "auth.permission", "pk": 3, "fields": {"name": "Can delete log entry", "content_type": 1, "codename": "delete_logentry"}}, {"model": "auth.permission", "pk": 4, "fields": {"name": "Can view log entry", "content_type": 1, "codename": "view_logentry"}}, {"model": "auth.permission", "pk": 5, "fields": {"name": "Can add permission", "content_type": 2, "codename": "add_permission"}}, {"model": "auth.permission", "pk": 6, "fields": {"name": "Can change permission", "content_type": 2, "codename": "change_permission"}}, {"model": "auth.permission", "pk": 7, "fields": {"name": "Can delete permission", "content_type": 2, "codename": "delete_permission"}}, {"model": "auth.permission", "pk": 8, "fields": {"name": "Can view permission", "content_type": 2, "codename": "view_permission"}}, {"model": "auth.permission", "pk": 9, "fields": {"name": "Can add group", "content_type": 3, "codename": "add_group"}}, {"model": "auth.permission", "pk": 10, "fields": {"name": "Can change group", "content_type": 3, "codename": "change_group"}}, {"model": "auth.permission", "pk": 11, "fields": {"name": "Can delete group", "content_type": 3, "codename": "delete_group"}}, {"model": "auth.permission", "pk": 12, "fields": {"name": "Can view group", "content_type": 3, "codename": "view_group"}}, {"model": "auth.permission", "pk": 13, "fields": {"name": "Can add content type", "content_type": 4, "codename": "add_contenttype"}}, {"model": "auth.permission", "pk": 14, "fields": {"name": "Can change content type", "content_type": 4, "codename": "change_contenttype"}}, {"model": "auth.permission", "pk": 15, "fields": {"name": "Can delete content type", "content_type": 4, "codename": "delete_contenttype"}}, {"model": "auth.permission", "pk": 16, "fields": {"name": "Can view content type", "content_type": 4, "codename": "view_contenttype"}}, {"model": "auth.permission", "pk": 17, "fields": {"name": "Can add session", "content_type": 5, "codename": "add_session"}}, {"model": "auth.permission", "pk": 18, "fields": {"name": "Can change session", "content_type": 5, "codename": "change_session"}}, {"model": "auth.permission", "pk": 19, "fields": {"name": "Can delete session", "content_type": 5, "codename": "delete_session"}}, {"model": "auth.permission", "pk": 20, "fields": {"name": "Can view session", "content_type": 5, "codename": "view_session"}}, {"model": "auth.permission", "pk": 21, "fields": {"name": "Can add user", "content_type": 6, "codename": "add_user"}}, {"model": "auth.permission", "pk": 22, "fields": {"name": "Can change user", "content_type": 6, "codename": "change_user"}}, {"model": "auth.permission", "pk": 23, "fields": {"name": "Can delete user", "content_type": 6, "codename": "delete_user"}}, {"model": "auth.permission", "pk": 24, "fields": {"name": "Can view user", "content_type": 6, "codename": "view_user"}}, {"model": "auth.permission", "pk": 25, "fields": {"name": "Can add category", "content_type": 7, "codename": "add_category"}}, {"model": "auth.permission", "pk": 26, "fields": {"name": "Can change category", "content_type": 7, "codename": "change_category"}}, {"model": "auth.permission", "pk": 27, "fields": {"name": "Can delete category", "content_type": 7, "codename": "delete_category"}}, {"model": "auth.permission", "pk": 28, "fields": {"name": "Can view category", "content_type": 7, "codename": "view_category"}}, {"model": "auth.permission", "pk": 29, "fields": {"name": "Can add genre", "content_type": 8, "codename": "add_genre"}}, {"model": "auth.permission", "pk": 30, "fields": {"name": "Can change genre", "content_type": 8, "codename": "change_genre"}}, {"model": "auth.permission", "pk": 31, "fields": {"name": "Can delete genre", "content_type": 8, "codename": "delete_genre"}}, {"model": "auth.permission", "pk": 32, "fields": {"name": "Can view genre", "content_type": 8, "codename": "view_genre"}}, {"model": "auth.permission", "pk": 33, "fields": {"name": "Can add title", "content_type": 9, "codename": "add_title"}}, {"model": "auth.permission", "pk": 34, "fields": {"name": "Can change title", "content_type": 9, "codename": "change_title"}}, {"model": "auth.permission", "pk": 35, "fields": {"name": "Can delete title", "content_type": 9, "codename": "delete_title"}}, {"model": "auth.permission", "pk": 36, "fields": {"name": "Can view title", "content_type": 9, "codename": "view_title"}}, {"model": "auth.permission", "pk": 37, "fields": {"name": "Can add review", "content_type": 10, "codename": "add_review"}}, {"model": "auth.permission", "pk": 38, "fields": {"name": "Can change review", "content_type": 10, "codename": "change_review"}}, {"model": "auth.permission", "pk": 39, "fields": {"name": "Can delete review", "content_type": 10, "codename": "delete_review"}}, {"model": "auth.permission", "pk": 40, "fields": {"name": "Can view review", "content_type": 10, "codename": "view_review"}}, {"model": "auth.permission", "pk": 41, "fields": {"name": "Can add comment", "content_type": 11, "codename": "add_comment"}}, {"model": "auth.permission", "pk": 42, "fields": {"name": "Can change comment", "content_type": 11, "codename": "change_comment"}}, {"model": "auth.permission", "pk": 43, "fields": {"name": "Can delete comment", "content_type": 11, "codename": "delete_comment"}}, {"model": "auth.permission", "pk": 44, "fields": {"name": "Can view comment", "content_type": 11, "codename": "view_comment"}}, {"model": "auth.permission", "pk": 45, "fields": {"name": "\u041e\u0431\u044b\u0447\u043d\u044b\u0439 \u043f\u043e\u043b\u044c\u0437\u043e\u0432\u0430\u0442\u0435\u043b\u044c", "content_type": 6, "codename": "user"}}, {"model": "auth.permission", "pk": 46, "fields": {"name": "\u043c\u043e\u0434\u0435\u0440\u0430\u0442\u043e\u0440", "content_type": 6, "codename": "moderator"}}, {"model": "api.user", "pk": 1, "fields": {"password": "pbkdf2_sha256$180000$8mLGvKxd2IEC$o2MJFfDYzhvOVMfa+eMiL+FrbLFxyNYXXdgHJXs5h2A=", "last_login": "2021-03-17T09:39:49.981Z", "is_superuser": true, "is_staff": true, "is_active": true, "username": "admin", "email": "huji@mail.ru", "first_name": null, "last_name": null, "bio": "", "date_joined": "2020-12-22T11:58:18Z", "role": "user", "groups": [], "user_permissions": []}}, {"model": "api.user", "pk": 2, "fields": {"password": "123", "last_login": "2021-01-04T19:55:40.524Z", "is_superuser": false, "is_staff": false, "is_active": true, "username": "gogol", "email": "gogol@mail.ru", "first_name": null, "last_name": null, "bio": "", "date_joined": "2020-12-26T04:42:14Z", "role": "user", "groups": [], "user_permissions": []}}, {"model": "api.user", "pk": 3, "fields": {"password": "123", "last_login": "2021-01-04T19:55:40.524Z", "is_superuser": false, "is_staff": false, "is_active": true, "username": "123", "email": "qazaq@mail.ru", "first_name": null, "last_name": null, "bio": null, "date_joined": "2020-12-26T04:53:36.160Z", "role": "user", "groups": [], "user_permissions": []}}, {"model": "api.user", "pk": 4, "fields": {"password": "123", "last_login": "2021-01-04T19:55:40.524Z", "is_superuser": false, "is_staff": false, "is_active": true, "username": "1234", "email": "dangerexit@mail.ru", "first_name": null, "last_name": null, "bio": null, "date_joined": "2020-12-26T04:55:53.454Z", "role": "user", "groups": [], "user_permissions": []}}, {"model": "api.user", "pk": 5, "fields": {"password": "123", "last_login": "2021-01-04T19:55:40.524Z", "is_superuser": false, "is_staff": false, "is_active": true, "username": "12345678", "email": "dangerex123it@mail.ru", "first_name": null, "last_name": null, "bio": null, "date_joined": "2020-12-26T04:58:06.684Z", "role": "user", "groups": [], "user_permissions": []}}, {"model": "api.user", "pk": 6, "fields": {"password": "123", "last_login": "2021-01-04T19:55:40.524Z", "is_superuser": false, "is_staff": false, "is_active": true, "username": "12345678678", "email": "dange3456rex123it@mail.ru", "first_name": null, "last_name": null, "bio": null, "date_joined": "2020-12-26T05:08:14.477Z", "role": "user", "groups": [], "user_permissions": []}}, {"model": "api.user", "pk": 7, "fields": {"password": "prQAQ7HdDu", "last_login": "2021-01-04T19:55:40.524Z", "is_superuser": false, "is_staff": false, "is_active": true, "username": "6rex123it", "email": "6rex123it@mail.ru", "first_name": null, "last_name": null, "bio": null, "date_joined": "2020-12-26T05:24:40.851Z", "role": "user", "groups": [], "user_permissions": []}}, {"model": "api.user", "pk": 8, "fields": {"password": "Y299rrrPDT", "last_login": "2021-01-04T19:55:40.524Z", "is_superuser": false, "is_staff": false, "is_active": true, "username": "ex123it", "email": "ex123it@mail.ru", "first_name": null, "last_name": null, "bio": null, "date_joined": "2020-12-26T05:26:24.641Z", "role": "user", "groups": [], "user_permissions": []}}, {"model": "api.user", "pk": 9, "fields": {"password": "V4JRYHm6S3", "last_login": "2021-01-04T19:55:40.524Z", "is_superuser": false, "is_staff": false, "is_active": true, "username": "ex12t", "email": "ex12t@mail.ru", "first_name": null, "last_name": null, "bio": null, "date_joined": "2020-12-26T05:26:57.509Z", "role": "user", "groups": [], "user_permissions": []}}, {"model": "api.user", "pk": 10, "fields": {"password": "4CkQMjz3Rx", "last_login": "2021-01-04T19:55:40.524Z", "is_superuser": false, "is_staff": false, "is_active": true, "username": "ex1098bvv2t", "email": "ex1098bvv2t@mail.ru", "first_name": null, "last_name": null, "bio": null, "date_joined": "2020-12-26T07:37:26.551Z", "role": "user", "groups": [], "user_permissions": []}}, {"model": "api.user", "pk": 11, "fields": {"password": "SKU5vQtdBb", "last_login": "2021-01-04T19:55:40.524Z", "is_superuser": false, "is_staff": false, "is_active": true, "username": "ex1vv2t", "email": "ex1vv2t@mail.ru", "first_name": null, "last_name": null, "bio": null, "date_joined": "2020-12-26T07:37:52.923Z", "role": "user", "groups": [], "user_permissions": []}}, {"model": "api.user", "pk": 12, "fields": {"password": "zeLVyD5Xfr", "last_login": "2021-01-04T19:55:40.524Z", "is_superuser": false, "is_staff": false, "is_active": true, "username": "1vv2t", "email": "1vv2t@mail.ru", "first_name": null, "last_name": null, "bio": null, "date_joined": "2020-12-26T07:38:28.330Z", "role": "user", "groups": [], "user_permissions": []}}, {"model": "api.user", "pk": 13, "fields": {"password": "VQEQNvSR3n", "last_login": "2021-01-04T19:55:40.524Z", "is_superuser": false, "is_staff": false, "is_active": true, "username": "1vv2bbvcct", "email": "1vv2bbvcct@mail.ru", "first_name": null, "last_name": null, "bio": null, "date_joined": "2020-12-26T08:02:20.475Z", "role": "user", "groups": [], "user_permissions": []}}, {"model": "api.user", "pk": 14, "fields": {"password": "jdjBday6Mg", "last_login": "2021-01-04T19:55:40.524Z", "is_superuser": false, "is_staff": false, "is_active": true, "username": "1vv2bbgghhvcct", "email": "1vv2bbgghhvcct@mail.ru", "first_name": null, "last_name": null, "bio": null, "date_joined": "2020-12-26T08:03:19.188Z", "role": "user", "groups": [], "user_permissions": []}}, {"model": "api.user", "pk": 15, "fields": {"password": "WK3vJVzCnd", "last_login": "2021-01-04T19:55:40.524Z", "is_superuser": false, "is_staff": false, "is_active": true, "username": "1vv2bb665gghhvcct", "email": "1vv2bb665gghhvcct@mail.ru", "first_name": null, "last_name": null, "bio": null, "date_joined": "2020-12-26T08:05:41.537Z", "role": "user", "groups": [], "user_permissions": []}}, {"model": "api.user", "pk": 16, "fields": {"password": "scvwkDvHhT", "last_login": "2021-01-04T19:55:40.524Z", "is_superuser": false, "is_staff": false, "is_active": true, "username": "1vvb665gghhvcct", "email": "1vvb665gghhvcct@mail.ru", "first_name": null, "last_name": null, "bio": null, "date_joined": "2020-12-26T08:06:47.419Z", "role": "user", "groups": [], "user_permissions": []}}, {"model": "api.user", "pk": 17, "fields": {"password": "sGq4p9yPbK", "last_login": "2021-01-04T19:55:40.524Z", "is_superuser": false, "is_staff": false, "is_active": true, "username": "1vv5gghhvcct", "email": "1vv5gghhvcct@mail.ru", "first_name": null, "last_name": null, "bio": null, "date_joined": "2020-12-26T08:23:09.117Z", "role": "user", "groups": [], "user_permissions": []}}, {"model": "api.user", "pk": 18, "fields": {"password": "86vS2gGAUe", "last_login": "2021-01-04T19:55:40.524Z", "is_superuser": false, "is_staff": false, "is_active": true, "username": "cvbt", "email": "cvbt@mail.ru", "first_name": null, "last_name": null, "bio": null, "date_joined": "2020-12-26T08:25:47.502Z", "role": "user", "groups": [], "user_permissions": []}}, {"model": "api.user", "pk": 19, "fields": {"password": "wBQW7daUTu", "last_login": "2021-01-04T19:55:40.524Z", "is_superuser": false, "is_staff": false, "is_active": true, "username": "cvdfbt", "email": "cvdfbt@mail.ru", "first_name": null, "last_name": null, "bio": null, "date_joined": "2020-12-26T08:26:10.579Z", "role": "user", "groups": [], "user_permissions": []}}, {"model": "api.user", "pk": 20, "fields": {"password": "Q2Yts5E5N5", "last_login": "2021-01-04T19:55:40.524Z", "is_superuser": false, "is_staff": false, "is_active": true, "username": "cvjklll;bt", "email": "cvjklll;bt@mail.ru", "first_name": null, "last_name": null, "bio": null, "date_joined": "2020-12-26T08:26:33.418Z", "role": "user", "groups": [], "user_permissions": []}}, {"model": "api.user", "pk": 21, "fields": {"password": "54CVhnm5dQ", "last_login": "2021-01-04T19:55:40.524Z", "is_superuser": false, "is_staff": false, "is_active": true, "username": "cvjkll7899l;bt", "email": "cvjkll7899l;bt@mail.ru", "first_name": null, "last_name": null, "bio": null, "date_joined": "2020-12-26T08:27:50.781Z", "role": "user", "groups": [], "user_permissions": []}}, {"model": "api.user", "pk": 22, "fields": {"password": "85D6tT9GQD", "last_login": "2021-01-04T19:55:40.524Z", "is_superuser": false, "is_staff": false, "is_active": true, "username": "cv456jkll7899l;bt", "email": "cv456jkll7899l;bt@mail.ru", "first_name": null, "last_name": null, "bio": null, "date_joined": "2020-12-26T08:28:07.775Z", "role": "user", "groups": [], "user_permissions": []}}, {"model": "api.user", "pk": 23, "fields": {"password": "p8h8aKHrNT", "last_login": "2021-01-04T19:55:40.524Z", "is_superuser": false, "is_staff": false, "is_active": true, "username": "cv456jkll78\u043b\u0448\u043399l;bt", "email": "cv456jkll78\u043b\u0448\u043399l;bt@mail.ru", "first_name": null, "last_name": null, "bio": null, "date_joined": "2020-12-26T08:45:41.915Z", "role": "user", "groups": [], "user_permissions": []}}, {"model": "api.user", "pk": 24, "fields": {"password": "taBMrbUNJU", "last_login": "2021-01-04T19:55:40.524Z", "is_superuser": false, "is_staff": false, "is_active": true, "username": "cv4568\u043b\u0448\u043399l;bt", "email": "cv4568\u043b\u0448\u043399l;bt@mail.ru", "first_name": null, "last_name": null, "bio": null, "date_joined": "2020-12-26T08:46:49.829Z", "role": "user", "groups": [], "user_permissions": []}}, {"model": "api.user", "pk": 25, "fields": {"password": "YS7EHsEz8Z", "last_login": "2021-01-04T19:55:40.524Z", "is_superuser": false, "is_staff": false, "is_active": true, "username": "cv456\u043399l;bt", "email": "cv456\u043399l;bt@mail.ru", "first_name": null, "last_name": null, "bio": null, "date_joined": "2020-12-26T08:47:51.575Z", "role": "user", "groups": [], "user_permissions": []}}, {"model": "api.user", "pk": 26, "fields": {"password": "nGTTwreEUN", "last_login": "2021-01-04T19:55:40.524Z", "is_superuser": false, "is_staff": false, "is_active": true, "username": "cv\u043399l;bt", "email": "cv\u043399l;bt@mail.ru", "first_name": null, "last_name": null, "bio": null, "date_joined": "2020-12-26T08:48:39.672Z", "role": "user", "groups": [], "user_permissions": []}}, {"model": "api.user", "pk": 27, "fields": {"password": "wdSHxYFVBu", "last_login": "2021-01-04T19:55:40.524Z", "is_superuser": false, "is_staff": false, "is_active": true, "username": "cv\u043399lfff;bt", "email": "cv\u043399lfff;bt@mail.ru", "first_name": null, "last_name": null, "bio": null, "date_joined": "2020-12-26T08:56:43.682Z", "role": "user", "groups": [], "user_permissions": []}}, {"model": "api.user", "pk": 28, "fields": {"password": "dARPDstbpm", "last_login": "2021-01-04T19:55:40.524Z", "is_superuser": false, "is_staff": false, "is_active": true, "username": "cv\u043399fff;bt", "email": "cv\u043399fff;bt@mail.ru", "first_name": null, "last_name": null, "bio": null, "date_joined": "2020-12-26T08:57:57.962Z", "role": "user", "groups": [], "user_permissions": []}}, {"model": "api.user", "pk": 29, "fields": {"password": "uARr292NbC", "last_login": "2021-01-04T19:55:40.524Z", "is_superuser": false, "is_staff": false, "is_active": true, "username": "fff;bt", "email": "fff;bt@mail.ru", "first_name": null, "last_name": null, "bio": null, "date_joined": "2020-12-26T08:58:26.695Z", "role": "user", "groups": [], "user_permissions": []}}, {"model": "api.user", "pk": 30, "fields": {"password": "EnBBr3akPA", "last_login": "2021-01-04T19:55:40.524Z", "is_superuser": false, "is_staff": false, "is_active": true, "username": "fffffffffff;bt", "email": "fffffffffff;bt@mail.ru", "first_name": null, "last_name": null, "bio": null, "date_joined": "2020-12-26T08:58:43.328Z", "role": "user", "groups": [], "user_permissions": []}}, {"model": "api.user", "pk": 31, "fields": {"password": "DXnD6bEb6J", "last_login": "2021-01-04T19:55:40.524Z", "is_superuser": false, "is_staff": false, "is_active": true, "username": "ffffffff;bt", "email": "ffffffff;bt@mail.ru", "first_name": null, "last_name": null, "bio": null, "date_joined": "2020-12-26T09:01:46.685Z", "role": "user", "groups": [], "user_permissions": []}}, {"model": "api.user", "pk": 32, "fields": {"password": "LCBhJwTEAJ", "last_login": "2021-01-04T19:55:40.524Z", "is_superuser": false, "is_staff": false, "is_active": true, "username": "fffffffft", "email": "fffffffft@mail.ru", "first_name": null, "last_name": null, "bio": null, "date_joined": "2020-12-26T09:04:12.411Z", "role": "user", "groups": [], "user_permissions": []}}, {"model": "api.user", "pk": 33, "fields": {"password": "XVfs2xwu9z", "last_login": "2021-01-04T19:55:40.524Z", "is_superuser": false, "is_staff": false, "is_active": true, "username": "fffffft", "email": "fffffft@mail.ru", "first_name": null, "last_name": null, "bio": null, "date_joined": "2020-12-26T09:04:36.375Z", "role": "user", "groups": [], "user_permissions": []}}, {"model": "api.user", "pk": 34, "fields": {"password": "8AZGJ4fELy", "last_login": "2021-01-04T19:55:40.524Z", "is_superuser": false, "is_staff": false, "is_active": true, "username": "fffft", "email": "fffft@mail.ru", "first_name": null, "last_name": null, "bio": null, "date_joined": "2020-12-26T09:05:15.636Z", "role": "user", "groups": [], "user_permissions": []}}, {"model": "api.user", "pk": 35, "fields": {"password": "LZTadsmJCp", "last_login": "2021-01-04T19:55:40.524Z", "is_superuser": false, "is_staff": false, "is_active": true, "username": "ffft", "email": "ffft@mail.ru", "first_name": null, "last_name": null, "bio": null, "date_joined": "2020-12-26T09:05:35.637Z", "role": "user", "groups": [], "user_permissions": []}}, {"model": "api.user", "pk": 36, "fields": {"password": "u7v7pnPGER", "last_login": "2021-01-04T19:55:40.524Z", "is_superuser": false, "is_staff": false, "is_active": true, "username": "fffhhhhht", "email": "fffhhhhht@mail.ru", "first_name": null, "last_name": null, "bio": null, "date_joined": "2020-12-26T09:06:30.106Z", "role": "user", "groups": [], "user_permissions": []}}, {"model": "api.user", "pk": 37, "fields": {"password": "awt49sRmfn", "last_login": "2021-01-04T19:55:40.524Z", "is_superuser": false, "is_staff": false, "is_active": true, "username": "hhhht", "email": "hhhht@mail.ru", "first_name": null, "last_name": null, "bio": null, "date_joined": "2020-12-26T09:09:47.061Z", "role": "user", "groups": [], "user_permissions": []}}, {"model": "api.user", "pk": 38, "fields": {"password": "7fY6QNEfXd", "last_login": "2021-01-04T19:55:40.524Z", "is_superuser": false, "is_staff": false, "is_active": true, "username": "hhhqqqqqht", "email": "hhhqqqqqht@mail.ru", "first_name": null, "last_name": null, "bio": null, "date_joined": "2020-12-26T09:10:05.952Z", "role": "user", "groups": [], "user_permissions": []}}, {"model": "api.user", "pk": 39, "fields": {"password": "6RspCSMnw9", "last_login": "2021-01-04T19:55:40.524Z", "is_superuser": false, "is_staff": false, "is_active": true, "username": "hhhqqqht", "email": "hhhqqqht@mail.ru", "first_name": null, "last_name": null, "bio": null, "date_joined": "2020-12-26T09:10:30.045Z", "role": "user", "groups": [], "user_permissions": []}}, {"model": "api.user", "pk": 40, "fields": {"password": "GwSqXTsSAd", "last_login": "2021-01-04T19:55:40.524Z", "is_superuser": false, "is_staff": false, "is_active": true, "username": "hht", "email": "hht@mail.ru", "first_name": null, "last_name": null, "bio": null, "date_joined": "2020-12-26T09:10:45.904Z", "role": "user", "groups": [], "user_permissions": []}}, {"model": "api.user", "pk": 41, "fields": {"password": "j8hApgjhDU", "last_login": "2021-01-04T19:55:40.524Z", "is_superuser": false, "is_staff": false, "is_active": true, "username": "hhhhhhhhht", "email": "hhhhhhhhht@mail.ru", "first_name": null, "last_name": null, "bio": null, "date_joined": "2020-12-26T09:14:29.797Z", "role": "user", "groups": [], "user_permissions": []}}, {"model": "api.user", "pk": 42, "fields": {"password": "tGjbMwvxAt", "last_login": "2021-01-04T19:55:40.524Z", "is_superuser": false, "is_staff": false, "is_active": true, "username": "hhhhhhhfffffhht", "email": "hhhhhhhfffffhht@mail.ru", "first_name": null, "last_name": null, "bio": null, "date_joined": "2020-12-26T09:15:59.247Z", "role": "user", "groups": [], "user_permissions": []}}, {"model": "api.user", "pk": 43, "fields": {"password": "vmLg7hAeUf", "last_login": "2021-01-04T19:55:40.524Z", "is_superuser": false, "is_staff": false, "is_active": true, "username": "hhhhfffffhht", "email": "hhhhfffffhht@mail.ru", "first_name": null, "last_name": null, "bio": null, "date_joined": "2020-12-26T09:16:21.388Z", "role": "user", "groups": [], "user_permissions": []}}, {"model": "api.user", "pk": 44, "fields": {"password": "3L2LpyxDzk", "last_login": "2021-01-04T19:55:40.524Z", "is_superuser": false, "is_staff": false, "is_active": true, "username": "hhxxxxhhfffffhht", "email": "hhxxxxhhfffffhht@mail.ru", "first_name": null, "last_name": null, "bio": null, "date_joined": "2020-12-26T09:17:23.039Z", "role": "user", "groups": [], "user_permissions": []}}, {"model": "api.user", "pk": 45, "fields": {"password": "g8Hdy9yz4s", "last_login": "2021-01-04T19:55:40.524Z", "is_superuser": false, "is_staff": false, "is_active": true, "username": "hhxxfffffhht", "email": "hhxxfffffhht@mail.ru", "first_name": null, "last_name": null, "bio": null, "date_joined": "2020-12-26T09:23:08.842Z", "role": "user", "groups": [], "user_permissions": []}}, {"model": "api.user", "pk": 46, "fields": {"password": "wkP9pVReJa", "last_login": "2021-01-04T19:55:40.524Z", "is_superuser": false, "is_staff": false, "is_active": true, "username": "hhxxffyyyfffhht", "email": "hhxxffyyyfffhht@mail.ru", "first_name": null, "last_name": null, "bio": null, "date_joined": "2020-12-26T09:24:05.206Z", "role": "user", "groups": [], "user_permissions": []}}, {"model": "api.user", "pk": 47, "fields": {"password": "nMNnrXCsMM", "last_login": "2021-01-04T19:55:40.524Z", "is_superuser": false, "is_staff": false, "is_active": true, "username": "hhxxffyyffhht", "email": "hhxxffyyffhht@mail.ru", "first_name": null, "last_name": null, "bio": null, "date_joined": "2020-12-26T09:24:27.718Z", "role": "user", "groups": [], "user_permissions": []}}, {"model": "api.user", "pk": 48, "fields": {"password": "xaBnGSJ4GZ", "last_login": "2021-01-04T19:55:40.524Z", "is_superuser": false, "is_staff": false, "is_active": true, "username": "hhxxffyyppppffhht", "email": "hhxxffyyppppffhht@mail.ru", "first_name": null, "last_name": null, "bio": null, "date_joined": "2020-12-26T09:24:45.792Z", "role": "user", "groups": [], "user_permissions": []}}, {"model": "api.user", "pk": 49, "fields": {"password": "K2sE9ZBR7S", "last_login": "2021-01-04T19:55:40.524Z", "is_superuser": false, "is_staff": false, "is_active": true, "username": "hhxxffyypphht", "email": "hhxxffyypphht@mail.ru", "first_name": null, "last_name": null, "bio": null, "date_joined": "2020-12-26T09:25:25.918Z", "role": "user", "groups": [], "user_permissions": []}}, {"model": "api.user", "pk": 50, "fields": {"password": "GpwYhCn9HY", "last_login": "2021-01-04T19:55:40.524Z", "is_superuser": false, "is_staff": false, "is_active": true, "username": "hhxxffyuuuypphht", "email": "hhxxffyuuuypphht@mail.ru", "first_name": null, "last_name": null, "bio": null, "date_joined": "2020-12-26T09:27:40.912Z", "role": "user", "groups": [], "user_permissions": []}}, {"model": "api.user", "pk": 51, "fields": {"password": "uDzQKuH7U5", "last_login": "2021-01-04T19:55:40.524Z", "is_superuser": false, "is_staff": false, "is_active": true, "username": null, "email": "admi", "first_name": null, "last_name": null, "bio": null, "date_joined": "2021-01-04T19:29:10.431Z", "role": "user", "groups": [], "user_permissions": []}}, {"model": "api.user", "pk": 52, "fields": {"password": "EwqsQqhM8s", "last_login": "2021-01-04T19:55:40.524Z", "is_superuser": false, "is_staff": false, "is_active": true, "username": null, "email": "admi@mail.ru", "first_name": null, "last_name": null, "bio": null, "date_joined": "2021-01-04T19:29:24.007Z", "role": "user", "groups": [], "user_permissions": []}}, {"model": "api.user", "pk": 53, "fields": {"password": "", "last_login": "2021-01-04T19:55:40.524Z", "is_superuser": false, "is_staff": false, "is_active": true, "username": null, "email": "adm", "first_name": null, "last_name": null, "bio": null, "date_joined": "2021-01-04T19:38:07.348Z", "role": "user", "groups": [], "user_permissions": []}}, {"model": "api.user", "pk": 54, "fields": {"password": "1", "last_login": "2021-01-04T19:55:40.524Z", "is_superuser": false, "is_staff": false, "is_active": true, "username": null, "email": "adm@mail.ru", "first_name": null, "last_name": null, "bio": null, "date_joined": "2021-01-04T19:41:40.123Z", "role": "user", "groups": [], "user_permissions": []}}, {"model": "api.user", "pk": 55, "fields": {"password": "", "last_login": "2021-01-04T19:55:40.524Z", "is_superuser": false, "is_staff": false, "is_active": true, "username": null, "email": "adyytgvm@mail.ru", "first_name": null, "last_name": null, "bio": null, "date_joined": "2021-01-04T19:42:05.010Z", "role": "user", "groups": [], "user_permissions": []}}, {"model": "api.user", "pk": 56, "fields": {"password": "", "last_login": null, "is_superuser": false, "is_staff": false, "is_active": true, "username": null, "email": "adyym@mail.ru", "first_name": null, "last_name": null, "bio": null, "date_joined": "2021-01-04T19:58:08.520Z", "role": "user", "groups": [], "user_permissions": []}}, {"model": "api.user", "pk": 57, "fields": {"password": "", "last_login": null, "is_superuser": false, "is_staff": false, "is_active": true, "username": null, "email": "adyy888m@mail.ru", "first_name": null, "last_name": null, "bio": null, "date_joined": "2021-01-04T20:00:56.524Z", "role": "user", "groups": [], "user_permissions": []}}, {"model": "api.user", "pk": 58, "fields": {"password": "", "last_login": null, "is_superuser": false, "is_staff": false, "is_active": true, "username": null, "email": "adyy@mail.ru", "first_name": null, "last_name": null, "bio": null, "date_joined": "2021-01-05T03:46:36.177Z", "role": "user", "groups": [], "user_permissions": []}}, {"model": "api.user", "pk": 59, "fields": {"password": "", "last_login": "2021-01-05T04:23:35.670Z", "is_superuser": false, "is_staff": false, "is_active": true, "username": null, "email": "y@mail.ru", "first_name": null, "last_name": null, "bio": null, "date_joined": "2021-01-05T04:23:35.673Z", "role": "user", "groups": [], "user_permissions": []}}, {"model": "api.user", "pk": 60, "fields": {"password": "", "last_login": "2021-01-05T04:24:18.588Z", "is_superuser": false, "is_staff": false, "is_active": true, "username": null, "email": "y456789@mail.ru", "first_name": null, "last_name": null, "bio": null, "date_joined": "2021-01-05T04:24:18.592Z", "role": "user", "groups": [], "user_permissions": []}}, {"model": "api.user", "pk": 61, "fields": {"password": "", "last_login": "2021-01-05T04:25:12.455Z", "is_superuser": false, "is_staff": false, "is_active": true, "username": null, "email": "y4ssdfghjj56789@mail.ru", "first_name": null, "last_name": null, "bio": null, "date_joined": "2021-01-05T04:25:12.459Z", "role": "user", "groups": [], "user_permissions": []}}, {"model": "api.user", "pk": 62, "fields": {"password": "JEs3XGD9HD", "last_login": "2021-01-05T04:45:39.516Z", "is_superuser": false, "is_staff": false, "is_active": true, "username": null, "email": "y4ssdf887665ghjj56789@mail.ru", "first_name": null, "last_name": null, "bio": null, "date_joined": "2021-01-05T04:45:39.520Z", "role": "user", "groups": [], "user_permissions": []}}, {"model": "api.user", "pk": 63, "fields": {"password": "", "last_login": "2021-01-05T04:46:08.934Z", "is_superuser": false, "is_staff": false, "is_active": true, "username": null, "email": "y4ss87665ghjj56789@mail.ru", "first_name": null, "last_name": null, "bio": null, "date_joined": "2021-01-05T04:46:08.938Z", "role": "user", "groups": [], "user_permissions": []}}, {"model": "api.user", "pk": 64, "fields": {"password": "", "last_login": null, "is_superuser": false, "is_staff": false, "is_active": true, "username": null, "email": "y4ss85ghjj56789@mail.ru", "first_name": null, "last_name": null, "bio": null, "date_joined": "2021-01-05T05:52:32.067Z", "role": "user", "groups": [], "user_permissions": []}}, {"model": "api.user", "pk": 65, "fields": {"password": "", "last_login": null, "is_superuser": false, "is_staff": false, "is_active": true, "username": null, "email": "y4ss85gh89@mail.ru", "first_name": null, "last_name": null, "bio": null, "date_joined": "2021-01-05T06:05:12.287Z", "role": "user", "groups": [], "user_permissions": []}}, {"model": "api.user", "pk": 66, "fields": {"password": "", "last_login": null, "is_superuser": false, "is_staff": false, "is_active": true, "username": null, "email": "y4ss85gnnkbvmbvgjvjvkh89@mail.ru", "first_name": null, "last_name": null, "bio": null, "date_joined": "2021-01-05T06:21:25.510Z", "role": "user", "groups": [], "user_permissions": []}}, {"model": "api.user", "pk": 67, "fields": {"password": "", "last_login": null, "is_superuser": false, "is_staff": false, "is_active": true, "username": null, "email": "y4ss85gnnkbgjvjvkh89@mail.ru", "first_name": null, "last_name": null, "bio": null, "date_joined": "2021-01-05T06:21:48.302Z", "role": "user", "groups": [], "user_permissions": []}}, {"model": "api.user", "pk": 68, "fields": {"password": "KdUknJYF4r", "last_login": null, "is_superuser": false, "is_staff": false, "is_active": true, "username": null, "email": "y4ss85gnnkbvjvkh89@mail.ru", "first_name": null, "last_name": null, "bio": null, "date_joined": "2021-01-05T06:23:05.088Z", "role": "user", "groups": [], "user_permissions": []}}, {"model": "api.user", "pk": 69, "fields": {"password": "", "last_login": null, "is_superuser": false, "is_staff": false, "is_active": true, "username": null, "email": "y4ss3nnkbvjvkh89@mail.ru", "first_name": null, "last_name": null, "bio": null, "date_joined": "2021-01-05T06:26:25.203Z", "role": "user", "groups": [], "user_permissions": []}}, {"model": "api.user", "pk": 70, "fields": {"password": "", "last_login": null, "is_superuser": false, "is_staff": false, "is_active": true, "username": null, "email": "yvjvkh89@mail.ru", "first_name": null, "last_name": null, "bio": null, "date_joined": "2021-01-05T19:05:53.825Z", "role": "user", "groups": [], "user_permissions": []}}, {"model": "api.user", "pk": 71, "fields": {"password": "", "last_login": null, "is_superuser": false, "is_staff": false, "is_active": true, "username": null, "email": "yvjvkm@ail.ru", "first_name": null, "last_name": null, "bio": null, "date_joined": "2021-01-05T19:09:22.372Z", "role": "user", "groups": [], "user_permissions": []}}, {"model": "api.user", "pk": 72, "fields": {"password": "", "last_login": null, "is_superuser": false, "is_staff": false, "is_active": true, "username": null, "email": "yvjvk888m@ail.ru", "first_name": null, "last_name": null, "bio": null, "date_joined": "2021-01-05T19:15:21.038Z", "role": "user", "groups": [], "user_permissions": []}}, {"model": "api.user", "pk": 73, "fields": {"password": "", "last_login": null, "is_superuser": false, "is_staff": false, "is_active": true, "username": null, "email": "yvjvk888@mail.ru", "first_name": null, "last_name": null, "bio": null, "date_joined": "2021-01-05T19:22:02.262Z", "role": "user", "groups": [], "user_permissions": []}}, {"model": "api.user", "pk": 74, "fields": {"password": "", "last_login": null, "is_superuser": false, "is_staff": false, "is_active": true, "username": null, "email": "NewUserSerializer(data=<QueryDict: {'email': ['huji@mail.ru'], 'confirmation_code': ['5n2-f9795b89413c769b5588']}>, many=True):\n    email = EmailField(label='\u0410\u0434\u0440\u0435\u0441 \u043f\u043e\u0447\u0442\u044b', max_length=200, validators=[<UniqueValidator(queryset=User.objects.all())>])", "first_name": null, "last_name": null, "bio": null, "date_joined": "2021-01-09T19:26:39.596Z", "role": "user", "groups": [], "user_permissions": []}}, {"model": "api.user", "pk": 75, "fields": {"password": "", "last_login": null, "is_superuser": false, "is_staff": false, "is_active": true, "username": null, "email": "<QueryDict: {'email': ['huji@mail.ru'], 'confirmation_code': ['5n2-f9795b89413c769b5588']}>", "first_name": null, "last_name": null, "bio": null, "date_joined": "2021-01-09T19:30:31.490Z", "role": "user", "groups": [], "user_permissions": []}}, {"model": "api.user", "pk": 76, "fields": {"password": "", "last_login": null, "is_superuser": false, "is_staff": false, "is_active": true, "username": null, "email": "[]", "first_name": null, "last_name": null, "bio": null, "date_joined": "2021-01-10T05:18:26.976Z", "role": "user", "groups": [], "user_permissions": []}}, {"model": "api.user", "pk": 77, "fields": {"password": "", "last_login": null, "is_superuser": false, "is_staff": false, "is_active": true, "username": null, "email": "hujihhhh@mail.ru", "first_name": null, "last_name": null, "bio": null, "date_joined": "2021-01-10T05:38:32.811Z", "role": "user", "groups": [], "user_permissions": []}}, {"model": "api.user", "pk": 78, "fields": {"password": "", "last_login": null, "is_superuser": false, "is_staff": false, "is_active": true, "username": null, "email": "huji@rtural.ru", "first_name": null, "last_name": null, "bio": null, "date_joined": "2021-01-10T05:39:40.298Z", "role": "user", "groups": [], "user_permissions": []}}, {"model": "api.user", "pk": 79, "fields": {"password": "", "last_login": null, "is_superuser": false, "is_staff": false, "is_active": true, "username": null, "email": "dangerexit@gmail.com", "first_name": null, "last_name": null, "bio": null, "date_joined": "2021-01-10T05:44:22.070Z", "role": "user", "groups": [], "user_permissions": []}}, {"model": "api.review", "pk": 1, "fields": {"title": 5, "text": "help", "author": 1, "score": 8, "pub_date": "2020-12-22T12:15:39.024Z"}}, {"model": "api.review", "pk": 2, "fields": {"title": 1, "text": "asdfghh", "author": 1, "score": 3, "pub_date": "2020-12-22T12:16:07.727Z"}}, {"model": "api.review", "pk": 3, "fields": {"title": 2, "text": "1", "author": 1, "score": 5, "pub_date": "2021-01-03T07:03:42.140Z"}}, {"model": "api.review", "pk": 4, "fields": {"title": 33, "text": "1", "author": 1, "score": 7, "pub_date": "2021-01-03T09:18:29.889Z"}}, {"model": "api.review", "pk": 5, "fields": {"title": 22, "text": "1", "author": 1, "score": 7, "pub_date": "2021-01-03T09:28:26.746Z"}}, {"model": "api.review", "pk": 6, "fields": {"title": 22, "text": "1", "author": 3, "score": 7, "pub_date": "2021-01-03T09:29:32.695Z"}}, {"model": "api.review", "pk": 7, "fields": {"title": 33, "text": "1", "author": 3, "score": 7, "pub_date": "2021-01-03T09:30:28.112Z"}}, {"model": "api.review", "pk": 8, "fields": {"title": 1, "text": "1", "author": 72, "score": 8, "pub_date": "2021-01-09T16:44:17.960Z"}}, {"model": "admin.logentry", "pk": 1, "fields": {"action_time": "2020-12-22T12:02:27.010Z", "user": 1, "content_type": 9, "object_id": "33", "object_repr": "Title object (33)", "action_flag": 1, "change_message": "[{\"added\": {}}]"}}, {"model": "admin.logentry", "pk": 2, "fields": {"action_time": "2020-12-22T12:15:39.031Z", "user": 1, "content_type": 10, "object_id": "1", "object_repr": "Review object (1)", "action_flag": 1, "change_message": "[{\"added\": {}}]"}}, {"model": "admin.logentry", "pk": 3, "fields": {"action_time": "2020-12-22T12:16:07.735Z", "user": 1, "content_type": 10, "object_id": "2", "object_repr": "Review object (2)", "action_flag": 1, "change_message": "[{\"added\": {}}]"}}, {"model": "admin.logentry", "pk": 4, "fields": {"action_time": "2020-12-22T12:17:11.781Z", "user": 1, "content_type": 6, "object_id": "1", "object_repr": "admin", "action_flag": 2, "change_message": "[]"}}, {"model": "admin.logentry", "pk": 5, "fields": {"action_time": "2020-12-23T16:42:38.241Z", "user": 1, "content_type": 9, "object_id": "1", "object_repr": "Title object (1)", "action_flag": 2, "change_message": "[{\"changed\": {\"fields\": [\"\\u0420\\u0435\\u0439\\u0442\\u0438\\u043d\\u0433 \\u043d\\u0430 \\u043e\\u0441\\u043d\\u043e\\u0432\\u0435 \\u043e\\u0442\\u0437\\u044b\\u0432\\u043e\\u0432, \\u0435\\u0441\\u043b\\u0438 \\u043e\\u0442\\u0437\\u044b\\u0432\\u043e\\u0432 \\u2014 `None`\", \"Slug \\u0436\\u0430\\u043d\\u0440\\u0430\"]}}]"}}, {"model": "admin.logentry", "pk": 6, "fields": {"action_time": "2020-12-23T16:43:01.281Z", "user": 1, "content_type": 9, "object_id": "2", "object_repr": "Title object (2)", "action_flag": 2, "change_message": "[{\"changed\": {\"fields\": [\"Slug \\u0436\\u0430\\u043d\\u0440\\u0430\", \"Slug \\u043a\\u0430\\u0442\\u0435\\u0433\\u043e\\u0440\\u0438\\u0438\"]}}]"}}, {"model": "admin.logentry", "pk": 7, "fields": {"action_time": "2020-12-23T16:43:15.936Z", "user": 1, "content_type": 9, "object_id": "32", "object_repr": "Title object (32)", "action_flag": 2, "change_message": "[{\"changed\": {\"fields\": [\"Slug \\u0436\\u0430\\u043d\\u0440\\u0430\"]}}]"}}, {"model": "admin.logentry", "pk": 8, "fields": {"action_time": "2020-12-23T16:43:35.220Z", "user": 1, "content_type": 9, "object_id": "10", "object_repr": "Title object (10)", "action_flag": 2, "change_message": "[{\"changed\": {\"fields\": [\"\\u041d\\u0430\\u0437\\u0432\\u0430\\u043d\\u0438\\u0435\", \"Slug \\u0436\\u0430\\u043d\\u0440\\u0430\"]}}]"}}, {"model": "admin.logentry", "pk": 9, "fields": {"action_time": "2020-12-23T16:43:48.403Z", "user": 1, "content_type": 9, "object_id": "15", "object_repr": "Title object (15)", "action_flag": 2, "change_message": "[{\"changed\": {\"fields\": [\"Slug \\u0436\\u0430\\u043d\\u0440\\u0430\"]}}]"}}, {"model": "admin.logentry", "pk": 10, "fields": {"action_time": "2020-12-26T04:42:51.578Z", "user": 1, "content_type": 6, "object_id": "2", "object_repr": "gogol", "action_flag": 1, "change_message": "[{\"added\": {}}]"}}]